"johnson3ba26qb2",
"resonate6wb48ec4",
"jackland8vf92qz5",
"ezekiel7eu89au4",
"drone5sg25ez6",
"kureze3ft26jc6",
"ni7up28fu6",
"hulong7tr85ub6",
"MINOTAUR8DM83GG5",
"hubert4su42qt2",
"inveniri2hc78yy4",
"drone9rc88jy5",
"glyph7jb25yw3",
"ingress9tu32jk7",
"powercube3hu72ut7",
"symbols4ye57bs7",
"evolution6xu68ru7",
"ezekiel3xh34ug4",
"susanna3ku75cm9",
"ingress3nd85fu9",
"artifact3ne73hh3",
"creativity2pc98zp5",
"inveniri2he69ar3",
"johnson4yn13db2",
"lightman4tm34zf3",
"algorithm9ek27ux3",
"glyph6yt84kt8",
"creative3vk97yv4",
"field4mo46jx6",
"deaddrop7dt73am6",
"devra2gt69qx7",
"roland7br76tp5",
"powercube5yn73em6",
"message6ca48vf7",
"cube8MK95JJ7",
"jackland4dz47yf6",
"evolution2gu76gm3",
"creativity4pb44pf6",
"DEADDROP6BF98MR2",
"SUSANNA7OG34VW3",
"TIMEZERO2QM72UT8",
"creative3nc46wp7",
"cern2vb46cn7",
"cassandra3wh77rg4",
"spacetime4je35kf5",
"alignment9nb75yo5",
"jarvis2kn66cz2",
"FARLOWE2FT72YM5",
"johnson3fx84aw9",
"lightman8nd48zb2",
"message5ka73rp4",
"vi9bb02fk7",
"vi9rp62ex1",
"lyphs4gt83bm4",
"3ouv7wu5a4",
"2973carrie98",
"80jdfitmar",
"alignment3qh24up8",
"artifact4tt67xg9",
"blue2xc26da2",
"glyphs4gt83bm4",
"lvboynxaie",
"minotaur8bb28et5",
"ni9gq92to9",
"vi2jo15nd0",
"vi9uh67mo6"
"5NOY8NNT5N"
